mouse_id	study_id	cell_line	strain	trt	log10_tumor_growth_slope	abbrev
20021	114T1280MC	MC38	CC080xCC012_F1N1	anti-PD1	-0.0871936	PR
MO356	114T1280MC	MC38	CC080xCC012_F1N1	isotype	0.116481	NR
MO364	114T1280MC	MC38	CC080xCC012_F1N1	isotype	0.0901833	NR
20442	114T1280MC	MC38	CC080xCC012_F1N1	anti-PD1	0.0795527	NR
D50506	114T1280MC	MC38	CC080xCC012_F1N1	isotype	0.0999494	NR
D50507	114T1280MC	MC38	CC080xCC012_F1N1	isotype	0.149635	NR
D50508	114T1280MC	MC38	CC080xCC012_F1N1	isotype	0.139784	NR
D50509	114T1280MC	MC38	CC080xCC012_F1N1	isotype	0.0783091	NR
D50510	114T1280MC	MC38	CC080xCC012_F1N1	isotype	0.12309	NR
D50516	114T1280MC	MC38	CC080xCC012_F1N1	isotype	0.0855248	NR
D50517	114T1280MC	MC38	CC080xCC012_F1N1	isotype	0.117158	NR
D50518	114T1280MC	MC38	CC080xCC012_F1N1	isotype	0.0933098	NR
D50526	114T1280MC	MC38	CC080xCC012_F1N1	anti-PD1	0.0706446	NR
D50527	114T1280MC	MC38	CC080xCC012_F1N1	anti-PD1	0.0484844	NR
D50528	114T1280MC	MC38	CC080xCC012_F1N1	anti-PD1	-0.0892125	CR*
D50529	114T1280MC	MC38	CC080xCC012_F1N1	anti-PD1	NA	CR*
D50530	114T1280MC	MC38	CC080xCC012_F1N1	anti-PD1	0.208891	NR
D50531	114T1280MC	MC38	CC080xCC012_F1N1	anti-PD1	-0.116452	PR
D50532	114T1280MC	MC38	CC080xCC012_F1N1	anti-PD1	NA	CR*
D50533	114T1280MC	MC38	CC080xCC012_F1N1	anti-PD1	0.0352309	CR*
D50534	114T1280MC	MC38	CC080xCC012_F1N1	anti-PD1	0.10848	NR
D50535	114T1280MC	MC38	CC080xCC012_F1N1	anti-PD1	0.0952566	NR
D50541	114T1280MC	MC38	CC080xCC012_F1N1	anti-PD1	-0.0044054	CR*
D50542	114T1280MC	MC38	CC080xCC012_F1N1	anti-PD1	0.0355945	CR*
D50543	114T1280MC	MC38	CC080xCC012_F1N1	anti-PD1	0.0932764	NR
D50544	114T1280MC	MC38	CC080xCC012_F1N1	anti-PD1	0.0660906	NR
D50545	114T1280MC	MC38	CC080xCC012_F1N1	anti-PD1	-0.00950834	PR
D50551	114T1280MC	MC38	CC080xCC012_F1N1	anti-PD1	0.0830554	NR
D50553	114T1280MC	MC38	CC080xCC012_F1N1	anti-PD1	0.0740139	NR
D50554	114T1280MC	MC38	CC080xCC012_F1N1	anti-PD1	0.0831089	NR
D50555	114T1280MC	MC38	CC080xCC012_F1N1	anti-PD1	0.0426201	NR
D50556	114T1280MC	MC38	CC080xCC012_F1N1	anti-PD1	NA	CR
D50557	114T1280MC	MC38	CC080xCC012_F1N1	anti-PD1	-0.200669	CR*
D50558	114T1280MC	MC38	CC080xCC012_F1N1	anti-PD1	-0.216099	CR*
D50559	114T1280MC	MC38	CC080xCC012_F1N1	anti-PD1	0.048794	NR
D50560	114T1280MC	MC38	CC080xCC012_F1N1	anti-PD1	0.0813708	NR
D50572	114T1280MC	MC38	CC080xCC012_F1N1	anti-PD1	0.067687	NR
D50573	114T1280MC	MC38	CC080xCC012_F1N1	anti-PD1	-0.0160817	NR
D50574	114T1280MC	MC38	CC080xCC012_F1N1	anti-PD1	-0.0956935	CR*
D50575	114T1280MC	MC38	CC080xCC012_F1N1	anti-PD1	0.0874231	NR
D50576	114T1280MC	MC38	CC080xCC012_F1N1	anti-PD1	NA	CR*
D50577	114T1280MC	MC38	CC080xCC012_F1N1	anti-PD1	-0.170604	CR*
D50578	114T1280MC	MC38	CC080xCC012_F1N1	anti-PD1	-0.218361	CR*
D50579	114T1280MC	MC38	CC080xCC012_F1N1	anti-PD1	-0.0171988	NR
D50580	114T1280MC	MC38	CC080xCC012_F1N1	anti-PD1	0.0217631	NR
D50581	114T1280MC	MC38	CC080xCC012_F1N1	anti-PD1	0.0947922	NR
D50582	114T1280MC	MC38	CC080xCC012_F1N1	anti-PD1	0.0525357	NR
D50583	114T1280MC	MC38	CC080xCC012_F1N1	anti-PD1	NA	CR*
D50584	114T1280MC	MC38	CC080xCC012_F1N1	anti-PD1	0.0222863	NR
D50585	114T1280MC	MC38	CC080xCC012_F1N1	anti-PD1	0.0327606	NR
D50501	115T1280MC	MC38	CC080xCC012_F1N1	anti-PD1	0.0571293	NR
D50502	115T1280MC	MC38	CC080xCC012_F1N1	anti-PD1	0.129805	NR
D50504	115T1280MC	MC38	CC080xCC012_F1N1	anti-PD1	0.0842551	NR
D50512	115T1280MC	MC38	CC080xCC012_F1N1	anti-PD1	-0.0241238	CR*
D50513	115T1280MC	MC38	CC080xCC012_F1N1	anti-PD1	NA	CR*
D50514	115T1280MC	MC38	CC080xCC012_F1N1	anti-PD1	-0.23542	CR*
D50515	115T1280MC	MC38	CC080xCC012_F1N1	anti-PD1	0.103032	NR
D50522	115T1280MC	MC38	CC080xCC012_F1N1	anti-PD1	0.0645891	NR
D50523	115T1280MC	MC38	CC080xCC012_F1N1	anti-PD1	-0.366912	CR*
D50524	115T1280MC	MC38	CC080xCC012_F1N1	anti-PD1	NA	CR*
D50525	115T1280MC	MC38	CC080xCC012_F1N1	anti-PD1	-0.103507	CR*
D50536	115T1280MC	MC38	CC080xCC012_F1N1	anti-PD1	-0.166194	CR*
D50537	115T1280MC	MC38	CC080xCC012_F1N1	anti-PD1	0.0826631	NR
D50538	115T1280MC	MC38	CC080xCC012_F1N1	anti-PD1	NA	NR
D50539	115T1280MC	MC38	CC080xCC012_F1N1	anti-PD1	-0.0215453	CR*
D50546	115T1280MC	MC38	CC080xCC012_F1N1	anti-PD1	0.0921682	NR
D50547	115T1280MC	MC38	CC080xCC012_F1N1	anti-PD1	-0.0691731	CR*
D50550	115T1280MC	MC38	CC080xCC012_F1N1	anti-PD1	-0.212154	CR*
D50561	115T1280MC	MC38	CC080xCC012_F1N1	anti-PD1	0.0551512	CR*
D50562	115T1280MC	MC38	CC080xCC012_F1N1	anti-PD1	0.132396	NR
D50563	115T1280MC	MC38	CC080xCC012_F1N1	anti-PD1	0.0559615	CR*
D50564	115T1280MC	MC38	CC080xCC012_F1N1	anti-PD1	0.0376359	NR
D50567	115T1280MC	MC38	CC080xCC012_F1N1	isotype	0.110277	NR
D50568	115T1280MC	MC38	CC080xCC012_F1N1	isotype	0.137937	NR
D50570	115T1280MC	MC38	CC080xCC012_F1N1	isotype	0.127124	NR
D50586	115T1280MC	MC38	CC080xCC012_F1N1	anti-PD1	-0.0692082	PR
D50587	115T1280MC	MC38	CC080xCC012_F1N1	anti-PD1	-0.299704	CR*
D50588	115T1280MC	MC38	CC080xCC012_F1N1	anti-PD1	-0.0474699	CR*
D50589	115T1280MC	MC38	CC080xCC012_F1N1	anti-PD1	0.0984117	NR
D50590	115T1280MC	MC38	CC080xCC012_F1N1	anti-PD1	-0.153316	CR*
D50611	115T1280MC	MC38	CC080xCC012_F1N1	anti-PD1	NA	CR*
D50612	115T1280MC	MC38	CC080xCC012_F1N1	anti-PD1	0.0853179	NR
D50613	115T1280MC	MC38	CC080xCC012_F1N1	anti-PD1	-0.0146683	CR*
D50614	115T1280MC	MC38	CC080xCC012_F1N1	anti-PD1	-0.132742	CR*
D50615	115T1280MC	MC38	CC080xCC012_F1N1	anti-PD1	NA	CR*
D50676	115T1280MC	MC38	CC080xCC012_F1N1	anti-PD1	0.125007	NR
D50677	115T1280MC	MC38	CC080xCC012_F1N1	anti-PD1	0.0272038	NR
D50679	115T1280MC	MC38	CC080xCC012_F1N1	anti-PD1	-0.0945035	PR
D50877	115T1280MC	MC38	CC080xCC012_F1N1	anti-PD1	-0.391822	CR*
D50878	115T1280MC	MC38	CC080xCC012_F1N1	anti-PD1	0.13169	NR
D50879	115T1280MC	MC38	CC080xCC012_F1N1	anti-PD1	NA	CR*
D50880	115T1280MC	MC38	CC080xCC012_F1N1	isotype	0.137107	NR
D50601	116T1280MC	MC38	CC080xCC012_F1N1	isotype	0.100073	NR
D50602	116T1280MC	MC38	CC080xCC012_F1N1	isotype	0.177556	NR
D50603	116T1280MC	MC38	CC080xCC012_F1N1	isotype	NA	CR
D50604	116T1280MC	MC38	CC080xCC012_F1N1	isotype	0.121103	NR
D50605	116T1280MC	MC38	CC080xCC012_F1N1	anti-PD1	NA	NR
D50606	116T1280MC	MC38	CC080xCC012_F1N1	anti-PD1	-0.0878317	PR
D50607	116T1280MC	MC38	CC080xCC012_F1N1	anti-PD1	0.0148411	NR
D50608	116T1280MC	MC38	CC080xCC012_F1N1	anti-PD1	NA	CR
D50609	116T1280MC	MC38	CC080xCC012_F1N1	anti-PD1	-0.07364	CR*
D50610	116T1280MC	MC38	CC080xCC012_F1N1	anti-PD1	0.0800579	NR
D50616	116T1280MC	MC38	CC080xCC012_F1N1	anti-PD1	NA	CR*
D50617	116T1280MC	MC38	CC080xCC012_F1N1	anti-PD1	-0.148178	CR*
D50618	116T1280MC	MC38	CC080xCC012_F1N1	anti-PD1	NA	CR
D50619	116T1280MC	MC38	CC080xCC012_F1N1	anti-PD1	0.0741386	NR
D50620	116T1280MC	MC38	CC080xCC012_F1N1	anti-PD1	0.111289	NR
D50621	116T1280MC	MC38	CC080xCC012_F1N1	anti-PD1	-0.137279	CR*
D50622	116T1280MC	MC38	CC080xCC012_F1N1	anti-PD1	NA	CR*
D50623	116T1280MC	MC38	CC080xCC012_F1N1	anti-PD1	-0.179061	CR*
D50624	116T1280MC	MC38	CC080xCC012_F1N1	anti-PD1	NA	CR
D50625	116T1280MC	MC38	CC080xCC012_F1N1	anti-PD1	NA	CR
D50631	116T1280MC	MC38	CC080xCC012_F1N1	anti-PD1	NA	CR*
D50632	116T1280MC	MC38	CC080xCC012_F1N1	anti-PD1	-0.167323	CR*
D50633	116T1280MC	MC38	CC080xCC012_F1N1	anti-PD1	0.198225	NR
D50634	116T1280MC	MC38	CC080xCC012_F1N1	anti-PD1	NA	CR
D50635	116T1280MC	MC38	CC080xCC012_F1N1	anti-PD1	NA	CR
D50641	116T1280MC	MC38	CC080xCC012_F1N1	anti-PD1	NA	CR
D50642	116T1280MC	MC38	CC080xCC012_F1N1	anti-PD1	-0.0277394	NR
D50643	116T1280MC	MC38	CC080xCC012_F1N1	anti-PD1	NA	CR
D50644	116T1280MC	MC38	CC080xCC012_F1N1	anti-PD1	NA	CR
D50645	116T1280MC	MC38	CC080xCC012_F1N1	anti-PD1	-0.117588	CR*
D50646	116T1280MC	MC38	CC080xCC012_F1N1	anti-PD1	-0.11357	CR*
D50647	116T1280MC	MC38	CC080xCC012_F1N1	anti-PD1	NA	CR
D50648	116T1280MC	MC38	CC080xCC012_F1N1	anti-PD1	-0.157457	CR*
D50649	116T1280MC	MC38	CC080xCC012_F1N1	anti-PD1	0.0785227	NR
D50650	116T1280MC	MC38	CC080xCC012_F1N1	anti-PD1	-0.112457	CR*
D50651	116T1280MC	MC38	CC080xCC012_F1N1	anti-PD1	NA	CR
D50652	116T1280MC	MC38	CC080xCC012_F1N1	anti-PD1	0.0605173	NR
D50653	116T1280MC	MC38	CC080xCC012_F1N1	anti-PD1	NA	CR
D50654	116T1280MC	MC38	CC080xCC012_F1N1	anti-PD1	0.0597131	NR
D50655	116T1280MC	MC38	CC080xCC012_F1N1	anti-PD1	NA	CR
D50661	116T1280MC	MC38	CC080xCC012_F1N1	anti-PD1	NA	CR
D50662	116T1280MC	MC38	CC080xCC012_F1N1	anti-PD1	0.0900636	NR
D50663	116T1280MC	MC38	CC080xCC012_F1N1	anti-PD1	NA	CR
D50664	116T1280MC	MC38	CC080xCC012_F1N1	anti-PD1	-0.186152	CR*
D50665	116T1280MC	MC38	CC080xCC012_F1N1	anti-PD1	-0.234837	CR*
D50671	116T1280MC	MC38	CC080xCC012_F1N1	anti-PD1	-0.00660133	NR
D50672	116T1280MC	MC38	CC080xCC012_F1N1	anti-PD1	0.0591473	NR
D50673	116T1280MC	MC38	CC080xCC012_F1N1	anti-PD1	0.0329552	NR
D50674	116T1280MC	MC38	CC080xCC012_F1N1	anti-PD1	-0.106508	CR*
D50675	116T1280MC	MC38	CC080xCC012_F1N1	anti-PD1	NA	NR
D50591	117T1280MC	MC38	CC080xCC012_F1N1	isotype	0.0680498	NR
D50592	117T1280MC	MC38	CC080xCC012_F1N1	isotype	0.12022	NR
D50593	117T1280MC	MC38	CC080xCC012_F1N1	isotype	0.122263	NR
D50594	117T1280MC	MC38	CC080xCC012_F1N1	isotype	0.095507	NR
D50595	117T1280MC	MC38	CC080xCC012_F1N1	anti-PD1	0.122357	NR
D50596	117T1280MC	MC38	CC080xCC012_F1N1	anti-PD1	0.016047	NR
D50597	117T1280MC	MC38	CC080xCC012_F1N1	anti-PD1	NA	CR
D50598	117T1280MC	MC38	CC080xCC012_F1N1	anti-PD1	-0.215833	CR*
D50599	117T1280MC	MC38	CC080xCC012_F1N1	anti-PD1	0.0455706	NR
D50600	117T1280MC	MC38	CC080xCC012_F1N1	anti-PD1	0.0873646	NR
D50626	117T1280MC	MC38	CC080xCC012_F1N1	anti-PD1	-0.17455	CR*
D50627	117T1280MC	MC38	CC080xCC012_F1N1	anti-PD1	-0.0319031	NR
D50628	117T1280MC	MC38	CC080xCC012_F1N1	anti-PD1	0.0703554	NR
D50629	117T1280MC	MC38	CC080xCC012_F1N1	anti-PD1	NA	CR
D50630	117T1280MC	MC38	CC080xCC012_F1N1	anti-PD1	NA	CR*
D50636	117T1280MC	MC38	CC080xCC012_F1N1	anti-PD1	0.00859847	NR
D50637	117T1280MC	MC38	CC080xCC012_F1N1	anti-PD1	NA	CR
D50656	117T1280MC	MC38	CC080xCC012_F1N1	anti-PD1	0.0600972	NR
D50657	117T1280MC	MC38	CC080xCC012_F1N1	anti-PD1	NA	CR
D50658	117T1280MC	MC38	CC080xCC012_F1N1	anti-PD1	-0.0911471	PR
D50659	117T1280MC	MC38	CC080xCC012_F1N1	anti-PD1	NA	CR
D50660	117T1280MC	MC38	CC080xCC012_F1N1	anti-PD1	-0.0396724	NR
D50666	117T1280MC	MC38	CC080xCC012_F1N1	anti-PD1	0.0239534	NR
D50667	117T1280MC	MC38	CC080xCC012_F1N1	anti-PD1	0.136613	NR
D50668	117T1280MC	MC38	CC080xCC012_F1N1	anti-PD1	0.00717899	NR
D50669	117T1280MC	MC38	CC080xCC012_F1N1	anti-PD1	NA	CR
D50670	117T1280MC	MC38	CC080xCC012_F1N1	anti-PD1	-0.120918	CR*
D50685	117T1280MC	MC38	CC080xCC012_F1N1	anti-PD1	-0.0470429	CR*
D50686	117T1280MC	MC38	CC080xCC012_F1N1	anti-PD1	-0.179253	CR*
D50687	117T1280MC	MC38	CC080xCC012_F1N1	anti-PD1	NA	CR
D50688	117T1280MC	MC38	CC080xCC012_F1N1	anti-PD1	-0.07007	CR*
D50689	117T1280MC	MC38	CC080xCC012_F1N1	anti-PD1	NA	CR
D50706	117T1280MC	MC38	CC080xCC012_F1N1	anti-PD1	-0.0772676	CR*
D50709	117T1280MC	MC38	CC080xCC012_F1N1	anti-PD1	NA	CR*
D50730	117T1280MC	MC38	CC080xCC012_F1N1	anti-PD1	0.0017998	NR
D50732	117T1280MC	MC38	CC080xCC012_F1N1	anti-PD1	NA	CR
D50733	117T1280MC	MC38	CC080xCC012_F1N1	anti-PD1	0.0323188	NR
D50734	117T1280MC	MC38	CC080xCC012_F1N1	anti-PD1	NA	CR
D50680	118T1280MC	MC38	CC080xCC012_F1N1	isotype	0.0806064	NR
D50681	118T1280MC	MC38	CC080xCC012_F1N1	isotype	0.0781724	NR
D50683	118T1280MC	MC38	CC080xCC012_F1N1	isotype	0.162486	NR
D50684	118T1280MC	MC38	CC080xCC012_F1N1	anti-PD1	-0.16271	CR*
D50690	118T1280MC	MC38	CC080xCC012_F1N1	anti-PD1	NA	CR
D50691	118T1280MC	MC38	CC080xCC012_F1N1	anti-PD1	NA	CR*
D50692	118T1280MC	MC38	CC080xCC012_F1N1	anti-PD1	0.0948852	NR
D50693	118T1280MC	MC38	CC080xCC012_F1N1	anti-PD1	-0.155912	CR*
D50694	118T1280MC	MC38	CC080xCC012_F1N1	anti-PD1	NA	CR*
D50695	118T1280MC	MC38	CC080xCC012_F1N1	anti-PD1	0.0121497	CR*
D50696	118T1280MC	MC38	CC080xCC012_F1N1	anti-PD1	-0.207839	CR*
D50697	118T1280MC	MC38	CC080xCC012_F1N1	anti-PD1	-0.0458635	CR*
D50698	118T1280MC	MC38	CC080xCC012_F1N1	anti-PD1	-0.280607	CR*
D50699	118T1280MC	MC38	CC080xCC012_F1N1	anti-PD1	-0.075285	PR
D50700	118T1280MC	MC38	CC080xCC012_F1N1	anti-PD1	-0.0254045	NR
D50701	118T1280MC	MC38	CC080xCC012_F1N1	anti-PD1	0.013756000000000001	NR
D50702	118T1280MC	MC38	CC080xCC012_F1N1	anti-PD1	NA	CR*
D50703	118T1280MC	MC38	CC080xCC012_F1N1	anti-PD1	0.0812224	NR
D50704	118T1280MC	MC38	CC080xCC012_F1N1	anti-PD1	NA	CR
D50710	118T1280MC	MC38	CC080xCC012_F1N1	anti-PD1	-0.175672	CR*
D50711	118T1280MC	MC38	CC080xCC012_F1N1	anti-PD1	-0.0132723	NR
D50712	118T1280MC	MC38	CC080xCC012_F1N1	anti-PD1	-0.0947619	CR*
D50713	118T1280MC	MC38	CC080xCC012_F1N1	anti-PD1	0.0270163	NR
D50714	118T1280MC	MC38	CC080xCC012_F1N1	anti-PD1	-0.0345424	NR
D50715	118T1280MC	MC38	CC080xCC012_F1N1	anti-PD1	-0.154758	CR*
D50716	118T1280MC	MC38	CC080xCC012_F1N1	anti-PD1	NA	CR*
D50717	118T1280MC	MC38	CC080xCC012_F1N1	anti-PD1	-0.0431206	PR
D50718	118T1280MC	MC38	CC080xCC012_F1N1	anti-PD1	0.0435809	NR
D50719	118T1280MC	MC38	CC080xCC012_F1N1	anti-PD1	0.102544	NR
D50720	118T1280MC	MC38	CC080xCC012_F1N1	anti-PD1	NA	CR*
D50721	118T1280MC	MC38	CC080xCC012_F1N1	anti-PD1	0.0734281	NR
D50722	118T1280MC	MC38	CC080xCC012_F1N1	anti-PD1	0.0610164	NR
D50723	118T1280MC	MC38	CC080xCC012_F1N1	anti-PD1	NA	CR
D50724	118T1280MC	MC38	CC080xCC012_F1N1	anti-PD1	-0.138758	CR*
D50725	118T1280MC	MC38	CC080xCC012_F1N1	anti-PD1	NA	CR*
D50726	118T1280MC	MC38	CC080xCC012_F1N1	anti-PD1	-0.0605892	CR*
D50727	118T1280MC	MC38	CC080xCC012_F1N1	anti-PD1	-0.0476748	CR*
D50728	118T1280MC	MC38	CC080xCC012_F1N1	anti-PD1	NA	CR
D50729	118T1280MC	MC38	CC080xCC012_F1N1	anti-PD1	NA	CR*
D50735	118T1280MC	MC38	CC080xCC012_F1N1	anti-PD1	NA	CR
D50736	118T1280MC	MC38	CC080xCC012_F1N1	anti-PD1	-0.08696	PR
D50737	118T1280MC	MC38	CC080xCC012_F1N1	anti-PD1	-0.0642815	CR*
D50738	118T1280MC	MC38	CC080xCC012_F1N1	anti-PD1	0.0707248	NR
D50739	118T1280MC	MC38	CC080xCC012_F1N1	anti-PD1	-0.00215867	PR
D50740	118T1280MC	MC38	CC080xCC012_F1N1	anti-PD1	0.0273545	NR
D50741	118T1280MC	MC38	CC080xCC012_F1N1	anti-PD1	0.141308	NR
D50742	118T1280MC	MC38	CC080xCC012_F1N1	anti-PD1	NA	CR
D50743	118T1280MC	MC38	CC080xCC012_F1N1	anti-PD1	0.0829025	NR
D50744	118T1280MC	MC38	CC080xCC012_F1N1	anti-PD1	NA	CR
D50745	119T1280MC	MC38	CC080xCC012_F1N1	isotype	0.128672	NR
D50746	119T1280MC	MC38	CC080xCC012_F1N1	isotype	0.115703	NR
D50747	119T1280MC	MC38	CC080xCC012_F1N1	isotype	0.122921	NR
D50748	119T1280MC	MC38	CC080xCC012_F1N1	isotype	0.132059	NR
D50749	119T1280MC	MC38	CC080xCC012_F1N1	anti-PD1	NA	CR
D50755	119T1280MC	MC38	CC080xCC012_F1N1	anti-PD1	NA	CR
D50757	119T1280MC	MC38	CC080xCC012_F1N1	anti-PD1	-0.0948327	CR*
D50758	119T1280MC	MC38	CC080xCC012_F1N1	anti-PD1	-0.144523	CR*
D50765	119T1280MC	MC38	CC080xCC012_F1N1	anti-PD1	0.0999637	NR
D50766	119T1280MC	MC38	CC080xCC012_F1N1	anti-PD1	0.0184688	CR*
D50767	119T1280MC	MC38	CC080xCC012_F1N1	anti-PD1	NA	CR
D50768	119T1280MC	MC38	CC080xCC012_F1N1	anti-PD1	NA	CR
D50769	119T1280MC	MC38	CC080xCC012_F1N1	anti-PD1	0.060913	NR
D50770	119T1280MC	MC38	CC080xCC012_F1N1	anti-PD1	0.0479218	NR
D50771	119T1280MC	MC38	CC080xCC012_F1N1	anti-PD1	0.118138	NR
D50772	119T1280MC	MC38	CC080xCC012_F1N1	anti-PD1	NA	CR
D50773	119T1280MC	MC38	CC080xCC012_F1N1	anti-PD1	NA	CR*
D50774	119T1280MC	MC38	CC080xCC012_F1N1	anti-PD1	-0.0771354	CR*
D50780	119T1280MC	MC38	CC080xCC012_F1N1	anti-PD1	9.88924e-5	PR
D50781	119T1280MC	MC38	CC080xCC012_F1N1	anti-PD1	0.116954	NR
D50782	119T1280MC	MC38	CC080xCC012_F1N1	anti-PD1	0.0355819	NR
D50783	119T1280MC	MC38	CC080xCC012_F1N1	anti-PD1	0.101741	NR
D50784	119T1280MC	MC38	CC080xCC012_F1N1	anti-PD1	NA	CR
D50785	119T1280MC	MC38	CC080xCC012_F1N1	anti-PD1	0.0710421	NR
D50786	119T1280MC	MC38	CC080xCC012_F1N1	anti-PD1	NA	CR
D50787	119T1280MC	MC38	CC080xCC012_F1N1	anti-PD1	0.137914	NR
D50788	119T1280MC	MC38	CC080xCC012_F1N1	anti-PD1	0.0452939	CR*
D50789	119T1280MC	MC38	CC080xCC012_F1N1	anti-PD1	NA	CR
D50790	119T1280MC	MC38	CC080xCC012_F1N1	anti-PD1	NA	CR
D50791	119T1280MC	MC38	CC080xCC012_F1N1	anti-PD1	0.0923782	NR
D50792	119T1280MC	MC38	CC080xCC012_F1N1	anti-PD1	-0.0188212	CR*
D50793	119T1280MC	MC38	CC080xCC012_F1N1	anti-PD1	0.204146	NR
D50794	119T1280MC	MC38	CC080xCC012_F1N1	anti-PD1	0.0861026	NR
D50795	119T1280MC	MC38	CC080xCC012_F1N1	anti-PD1	-0.0152164	NR
D50796	119T1280MC	MC38	CC080xCC012_F1N1	anti-PD1	0.145646	NR
D50797	119T1280MC	MC38	CC080xCC012_F1N1	anti-PD1	0.0355633	NR
D50798	119T1280MC	MC38	CC080xCC012_F1N1	anti-PD1	NA	CR
D50799	119T1280MC	MC38	CC080xCC012_F1N1	anti-PD1	0.0980214	NR
D50804	119T1280MC	MC38	CC080xCC012_F1N1	anti-PD1	0.10537	NR
D50805	119T1280MC	MC38	CC080xCC012_F1N1	anti-PD1	-0.0660733	CR*
8423	119T1280MC	MC38	CC080xCC012_F1N1	anti-PD1	NA	CR
8424	119T1280MC	MC38	CC080xCC012_F1N1	anti-PD1	0.110952	NR
D50638	117T1280MC	MC38	CC080xCC012_F1N1	anti-PD1	NA	NR
D50682	118T1280MC	MC38	CC080xCC012_F1N1	isotype	NA	NR
